Aspek Optimasi,Teknologi yang Digunakan,Target,Hasil
Loading Speed,Tailwind CSS CDN,< 3 detik,Framework CSS ringan dan cepat dimuat
Image Optimization,Compressed JPG/PNG,< 500KB per image,Gambar dioptimalkan untuk web
Caching Strategy,Browser caching + Railway CDN,1 tahun untuk assets,Cache headers untuk static files
Compression,GZIP compression,30-70% size reduction,Kompresi otomatis untuk semua file
Mobile Performance,Responsive design + mobile-first,< 2 detik di mobile,Optimasi khusus untuk mobile
SEO Performance,Structured data + meta tags,Rich snippets di Google,JSON-LD dan Open Graph
Security Performance,Security headers + HTTPS,Zero vulnerabilities,Headers keamanan lengkap
Accessibility Performance,Semantic HTML + ARIA,WCAG 2.1 compliance,Struktur HTML yang accessible
PWA Performance,Service worker + manifest,App-like experience,Installable web app
Search Engine Performance,Sitemap + robots.txt,Fast indexing,Optimasi untuk crawler
Social Media Performance,Open Graph + Twitter Cards,Rich previews,Preview menarik di sosial media
Brand Performance,Favicon + consistent branding,Professional appearance,Identitas visual yang konsisten
Cross-Browser Performance,Modern CSS + fallbacks,95% browser support,Kompatibilitas browser luas
Network Performance,CDN + compression,Minimal bandwidth usage,Optimasi jaringan
User Experience Performance,Smooth animations + responsive,High user satisfaction,Pengalaman pengguna yang mulus
Developer Experience Performance,Git + automated deployment,< 2 menit deployment,Workflow development yang efisien
